<?xml version="1.0" encoding="UTF-8"?>
<users>
    <user id="1">
        <name>John Doe</name>
        <email>john@example.com</email>
        <age>30</age>
    </user>
    <user id="2">
        <name>Jane Smith</name>
        <email>jane@example.com</email>
        <age>25</age>
    </user>
    <user id="3">
        <name>Mike Johnson</name>
        <email>mike@example.com</email>
        <age>35</age>
    </user>
    <user id="4">
        <name>Emily Davis</name>
        <email>emily@example.com</email>
        <age>28</age>
    </user>
    <user id="5">
        <name>Chris Brown</name>
        <email>chris@example.com</email>
        <age>40</age>
    </user>
    <user id="6">
        <name>Alice Wilson</name>
        <email>alice@example.com</email>
        <age>32</age>
    </user>
    <user id="7">
        <name>David Lee</name>
        <email>david@example.com</email>
        <age>29</age>
    </user>
    <user id="8">
        <name>Sarah Taylor</name>
        <email>sarah@example.com</email>
        <age>24</age>
    </user>
    <user id="9">
        <name>Robert Martinez</name>
        <email>robert@example.com</email>
        <age>37</age>
    </user>
    <user id="10">
        <name>Laura Garcia</name>
        <email>laura@example.com</email>
        <age>27</age>
    </user>
</users>